filename,label,true_label
lmpfbmeade.mp4,1,0
slvtfdxsmd.mp4,1,0
edqhdckynd.mp4,1,0
dgyeaodnzw.mp4,1,0
fonrexmbzz.mp4,1,0
lznkdhgwms.mp4,1,0
mcbubknuyd.mp4,1,0
ecnmwevrxo.mp4,1,0
dhyybsrvwc.mp4,1,0
mdihiuwzea.mp4,1,0
awigxxbbpb.mp4,1,0
gwzfugbidx.mp4,1,0
gwsmeakcic.mp4,1,0
mlruidevki.mp4,1,0
lxnqzocgaq.mp4,1,0
xartlyjtjw.mp4,1,0
mauhkjfaww.mp4,1,0
xchzardbfa.mp4,1,1
lwqkgvyeas.mp4,1,0
avoqheikrk.mp4,1,0
hwcnsgqzld.mp4,1,0
meehftqexr.mp4,1,0
cfhejdmemu.mp4,1,0
dfcoyuhhex.mp4,1,0
wzrhdvpktx.mp4,1,0
dqlmffnywx.mp4,1,0
dflpzzixje.mp4,1,0
axfhbpkdlc.mp4,1,0
ccrrlidqnp.mp4,1,0
mfodqgnnav.mp4,1,0
cerwqpmouj.mp4,1,0
fqmfvshgns.mp4,1,0
chqqxfuuzi.mp4,1,1
gvbcwuyaot.mp4,1,0
cemftmsxis.mp4,1,0
ambabjrwbt.mp4,1,0
psjfwjzrrh.mp4,1,1
mcjvcndrey.mp4,1,0
gxonqiyzpk.mp4,1,0
guqayoypew.mp4,1,0
gxzdueambi.mp4,1,0
dghhdvdzrb.mp4,1,0
hwtupajxgl.mp4,1,0
mfnsxrdygp.mp4,1,0
zhkqxjalrq.mp4,1,0
miiocrddnj.mp4,1,0
mdahmdjnkk.mp4,1,0
maxybxfgts.mp4,1,0
lwtgwggkpb.mp4,1,0
demuhxssgl.mp4,1,0
huznbaakma.mp4,1,0
lzertxjdds.mp4,1,0
xbokoalmlv.mp4,1,0
mkblttkrmq.mp4,1,0
alpkghdgrv.mp4,1,0
hvqfhieetb.mp4,1,0
alnkzqihau.mp4,1,0
xbhppttlaz.mp4,1,0
fokjbuazgr.mp4,1,0
dpevefkefv.mp4,1,1
xawrxpyoau.mp4,1,0
cdcdoqbdmi.mp4,1,0
eefzpdrrji.mp4,1,0
gvasarkpfh.mp4,1,1
hvlqewtbbf.mp4,1,0
fpcncmwzxf.mp4,1,0
cdyotmvujc.mp4,1,0
eckloytegm.mp4,1,0
lzbmwwejxb.mp4,1,1
lydmxmeegq.mp4,1,0
dhjnjkzuhq.mp4,1,1
xbtmhdgcie.mp4,1,0
hurcutcxpb.mp4,1,0
wzrkgntquh.mp4,1,0
aaqaifqrwn.mp4,1,0
meiyjcknbl.mp4,1,0
htorvhbcae.mp4,1,0
amluexcfvi.mp4,1,0
scrbqgpvzz.mp4,1,0
hwibtynenh.mp4,1,0
sbgajsyted.mp4,1,0
mfgswvvnba.mp4,1,0
pthbuiuswl.mp4,1,0
scpglaliyh.mp4,1,0
miusulscga.mp4,1,0
gvcrwbnzpa.mp4,1,0
axzjovaktp.mp4,1,0
cefpmcqwex.mp4,1,0
mcllgspbtl.mp4,1,0
axbvoepbdc.mp4,1,0
cfyayetydv.mp4,1,0
gvlraqlweh.mp4,1,0
zhopdnywsb.mp4,1,0
xcmrhxjhfr.mp4,1,0
xbdqbydiwc.mp4,1,0
wztythgahw.mp4,1,0
fnslimfagb.mp4,1,1
awnfpubqmo.mp4,1,0
fopjiyxiqd.mp4,1,1
ptgpqdnxtd.mp4,1,0
gumgvhycum.mp4,1,0
